Licence,Name
123abc,Denyse  
456def,Adrianne  
789ghi,Deane  
cwwn1o2r,Troy  
tryk4css,Annabelle  
tcox3lhk,Quintin  
6iarxmql,Emmaline  
eubgmzq9,Augustina  
3fquhrrg,Chong  
t612rnrj,Prince  
pcasfcf7,Shirl  
e82t7kyo,Adelaide  
i2axvguy,Venita  
tinuxh6r,Troy  
kuu467h4,Cathern  
hipqhe1m,Deonna  
soe1a7z0,Stacia  
flqamp5d,Brigette  
hggqwykv,Jill  
f0k79qiy,Marjorie  
shwojtyd,Roger  
q2bozey5,Corie  
90jwk92u,Lana  
nd23ryxm,Frederica  
iiizu2vr,Mae  
sds1u80p,Susan  
acilivp1,Jimmie  
f20ti84g,Giovanni  
0le2lfz0,Ollie  
qdjmoaa1,Myrtle  
vvcq02e2,Ha  
iz5gb1xj,Theola  
e1b0b205,Lashell  
hg10sul3,Raymonde  
ij2xq3ht,Troy  
n1evyao1,Georgiana  
ibgoi6sl,Kermit  
atcsviq8,Kiesha  
uy0ocugc,Joi  
r8qxstfi,Leonor  
xfrqrksv,Demarcus  
xiskc9w5,Cornelius  
i363avpz,Neta  
9vsct8jp,Malka  
3fbyo7nz,Gay  
cubtam2x,Giuseppe  
23enzocg,Sallie  
6alviy9y,Alfonso  
81gjjjdi,Darla  
2gmjrf49,Brooks
xyaesv2u,Annie  
t0pjqwgp,Britteny  
vianm8in,Jerrie  
8vfa4mws,Leia  
qy7pg6sl,Lorinda  
w67w3fu7,Marhta  
2lt7kuac,Tressie  
aazyu8q1,Stanford  
5st0qoqo,Lin  
ovbyg9eh,Chin  
99momsy5,Kimberlie  
d08emp80,Herma  
g6qqxwcv,Dorcas  
4gdxfrtj,Dayna  
iay4666d,Leroy  
4gaywrge,Marcelo  
jnvljzo3,Cori  
edupz7dc,Hanh  
uhv38jxt,Cuc  
xzfp0q0f,Emelia  
rlg31glh,Oscar  
pj1uj5en,Dennis  
q4zklhl1,Reina  
kb3nzz6w,Jolanda  
9wufiqcq,Despina  
4vbs5okv,Ellena  
5aov2fz2,Carmel  
htvrgpl3,Idella  
shle4xks,Karrie  
d70p99l4,Rod  
fwlpxzmg,Cristina  
bz7ji4gg,Clorinda  
qc1ccm9o,Chasity  
z1w7kgx7,Lai  
m9211nxh,Irving  
pyv8t136,Terri  
60443h6c,Aurore  
u4z4b6o7,Klara  
dgeatfv6,January  
vvpi6oem,Otilia  
q4yqr4na,Reginia  
7nbui0h2,Myles  
n6a3vlry,Keith  
ja6qc8x5,Dolores  
7gt415at,Rochel  
k2m80ytb,Verlie  
eiee0ui4,Melisa  
15k5ahjv,Cinda  
kka9b2x0,Sheila  
zs0cby7a,Palma  